SourceName,SourceID,followers,followings,likes,views
一念逍遥手游,558205781,376036,privacy,,
唯品会,1464627422,223643,privacy,,
英伟达GeForce,485703766,549959,61,,
洁柔,1010203255,160451,privacy,,
坎公骑冠剑,384136794,1713028,7,,
赛博星人科技汪,394205865,257736,501,,
追觅科技,601651357,35910,13,,
下班被游戏打,32708316,1181697,437,,
光与夜之恋,434391603,958809,6,,
核动力路灯,5878572,privacy,privacy,,
原神,401742377,19832905,59,,
哔哩哔哩会员购,174501086,privacy,privacy,,
叨叨雅Alen,1991543668,36,4,,
哔哩哔哩商业动态,278898145,privacy,privacy,,
刘守元,1755748572,635301,22,privacy,privacy
刘守元,1755748572,635302,22,privacy,privacy
超级草根,3546593842170195,privacy,12,privacy,privacy
UP主发电机,1453409239,privacy,privacy,privacy,privacy
花火招财喵,495535252,525549,privacy,privacy,privacy
黄文祺,520295094,164461,32,privacy,privacy
张镇辉台球教学,88895225,1287895,privacy,privacy,privacy
别赖了马师傅,405612476,507127,20,privacy,privacy
赖益烨_,372185944,461815,privacy,privacy,privacy
Air-China徐通,549751829,302629,25,privacy,privacy
野球帝周嘉豪,691653477,212071,37,privacy,privacy
悬赏小管家,686150641,215524,62,privacy,privacy
官方认证小助手,320840078,213583,privacy,privacy,privacy
孙那个鹏,1267890989,269378,75,privacy,privacy
哔哩哔哩大会员,321173469,34137895,privacy,privacy,privacy
是郭雨妍,631583544,335801,17,privacy,privacy
风一样的男子_郭小洋,628897896,321578,39,privacy,privacy
超绝可爱激大励,473222648,1901491,2,privacy,privacy
李观洋,39733139,privacy,privacy,privacy,privacy
野球帝-陈一帆,395956483,562310,54,privacy,privacy
超级草根郭师傅,479342898,417049,25,privacy,privacy
超级草根魏师傅呀,437911517,430067,29,privacy,privacy
超级草根_王师傅,433456003,1050144,36,privacy,privacy
野球帝,170801610,1217408,87,privacy,privacy
电商带货小助手,2071465599,64115,privacy,privacy,privacy
刘守元_,1755748572,635302,22,privacy,privacy
AirChina高荣,179672178,85902,privacy,privacy,privacy
范李猿,63486758,2362167,privacy,privacy,privacy
陳国豪i,2099377127,111794,14,privacy,privacy
凯圣王,2100737396,789533,privacy,privacy,privacy
小王是大王77,3494368738544232,5006,19,privacy,privacy
凯瑞图Carry2,329096565,84659,23,privacy,privacy
俊鸿,46508980,634782,25,privacy,privacy
是瑶瑶呐_,31659183,71359,6,privacy,privacy
张照洋,1475294799,310118,18,privacy,privacy
张晓松_,24219397,171504,33,privacy,privacy
胖哥球鞋故事,631631531,36138,23,privacy,privacy
李斯曼曼,510316010,132807,16,privacy,privacy
杨策YC1,1130114889,228006,18,privacy,privacy
英语兔,483162496,9198263,privacy,privacy,privacy
暴击口语,433248184,privacy,privacy,privacy,privacy
昂克英文君,286263737,825878,366,privacy,privacy
YouTube口语精选,454755309,privacy,privacy,privacy,privacy
mavis314,8883566,2179,248,privacy,privacy
CityHunt-Ebike,31430480,724,307,privacy,privacy
庄维老师,541345162,123465,234,privacy,privacy
野球帝逗师傅,522040394,307718,27,privacy,privacy
宫城种田-韩曙光,19700271,50893,36,privacy,privacy
宝藏男孩Li哥,139330,201464,23,privacy,privacy
老番茄,546195,19252845,privacy,privacy,privacy
LexBurner,777536,6006704,privacy,privacy,privacy
哔哩哔哩创作中心,37090048,9202090,1719,privacy,privacy
哔哩哔哩智能机,12076317,748457,88,privacy,privacy
LIM-CSPOV,372881010,119801,privacy,privacy,privacy
哔哩哔哩直播,9617619,17166670,privacy,privacy,privacy
马哥巨离谱,298054634,1142121,privacy,privacy,privacy
AirChina韩雨洋,427314035,112055,16,privacy,privacy
李峙锦hyperkiller,631586576,21413,privacy,privacy,privacy
COURTMAN_筱雅,3493082569902656,4658,49,privacy,privacy
WHIZZY11,361757209,3980,privacy,privacy,privacy
哔哩哔哩英雄联盟赛事,50329118,14222249,107,privacy,privacy
华为,578227337,privacy,privacy,privacy,privacy
fhutxchh,2036784596,16,544,privacy,privacy
云视听小电视-TV,492840942,23938584,58,privacy,privacy
BlackBoy127,82671267,6,privacy,privacy,privacy
王贺还在努力,485640409,67196,16,privacy,privacy
王秋男,277821230,112269,privacy,privacy,privacy
英特尔中国,511744123,161715,3,privacy,privacy
京东电器,79955050,49034,8,privacy,privacy
AI-Talk,405083326,101898,2,privacy,privacy
eSheep_电子羊,1693856846,3996,106,privacy,privacy
林亦LYi,4401694,879725,376,privacy,privacy
瞎问虾猜丶,646732586,1397150,149,privacy,privacy
亿点点不一样,407054668,3797557,55,privacy,privacy
@黎之恒,12330804,792732,privacy,privacy,privacy
达尔闻,430777205,207605,86,privacy,privacy
小jason整小活儿,22020402,privacy,privacy,privacy,privacy
若琪Rokid,314358436,14305,11,privacy,privacy
晚点LatePost,478559884,80631,3,privacy,privacy
602studio,1648997610,11479,14,privacy,privacy
贤宝宝Baby,3957971,5807888,167,privacy,privacy
漠☆漠,2378908,privacy,privacy,privacy,privacy
Ksr桑,1848018,1414799,2510,privacy,privacy
王朝1982,197703608,458230,privacy,privacy,privacy
jewel梦工厂,43481203,6430,192,privacy,privacy
闲人王昱珩,487435226,444787,5,privacy,privacy
小椰子专栏,30947486,746739,privacy,privacy,privacy
绫人太太啊,11131476,3613551,privacy,privacy,privacy
vivo,352063206,414135,38,privacy,privacy
伊利,1422337450,14864,4,privacy,privacy
零跑汽车Leapmotor,395854973,6271,7,privacy,privacy
大家的音乐机,32708543,1452645,2078,privacy,privacy
农业银行信用卡,1863894913,privacy,privacy,privacy,privacy
新华社,473837611,15648540,privacy,privacy,privacy
酷雪glacial_spa,1020211368,411,2,privacy,privacy
优酸乳,628599946,774032,396,privacy,privacy
刘守元,1755748572,635307,22,privacy,privacy
刘守元,1755748572,635308,22,privacy,privacy
刘守元,1755748572,635308,22,privacy,privacy
超级草根,3546593842170195,privacy,12,privacy,privacy
UP主发电机,1453409239,privacy,privacy,privacy,privacy
花火招财喵,495535252,525549,privacy,privacy,privacy
黄文祺,520295094,164459,32,privacy,privacy
张镇辉台球教学,88895225,1287904,privacy,privacy,privacy
别赖了马师傅,405612476,507129,20,privacy,privacy
赖益烨_,372185944,461821,privacy,privacy,privacy
Air-China徐通,549751829,302630,25,privacy,privacy
野球帝周嘉豪,691653477,212069,37,privacy,privacy
悬赏小管家,686150641,215525,62,privacy,privacy
官方认证小助手,320840078,213583,privacy,privacy,privacy
孙那个鹏,1267890989,269378,75,privacy,privacy
哔哩哔哩大会员,321173469,34138196,privacy,privacy,privacy
是郭雨妍,631583544,335802,17,privacy,privacy
风一样的男子_郭小洋,628897896,321580,39,privacy,privacy
超绝可爱激大励,473222648,1901493,2,privacy,privacy
